Link,Init node,Term node,B,Power,Volume Capacity,fft
0,1,3,1000000000,1,1,0.00000001
1,1,4,0.02,1,1,50
2,3,2,0.02,1,1,50
3,3,4,0.1,1,1,10
4,4,2,1000000000,1,1,0.00000001
